{
  "final_loss": 0.950343132019043,
  "loss_curve": [
    1.0411462783813477,
    1.0331372022628784,
    1.027328372001648,
    1.022616982460022,
    1.0184506177902222,
    1.0143073797225952,
    1.0099807977676392,
    1.0054839849472046,
    1.0009057521820068,
    0.9963836669921875,
    0.9918987154960632,
    0.9873509407043457,
    0.9828909039497375,
    0.9784587025642395,
    0.9739487171173096,
    0.9693196415901184,
    0.9645944237709045,
    0.9598584771156311,
    0.9551263451576233,
    0.950343132019043
  ]
}