{
  "final_loss": 0.9376381039619446,
  "loss_curve": [
    1.037272572517395,
    1.02849280834198,
    1.022828221321106,
    1.018147349357605,
    1.0132936239242554,
    1.0082234144210815,
    1.0031365156173706,
    0.9982097148895264,
    0.993446409702301,
    0.988653838634491,
    0.9837716221809387,
    0.978680431842804,
    0.973550021648407,
    0.9684337973594666,
    0.9634034037590027,
    0.9584339261054993,
    0.95341557264328,
    0.9482557773590088,
    0.9429815411567688,
    0.9376381039619446
  ]
}