{
  "final_loss": 0.9300767779350281,
  "loss_curve": [
    1.0124825239181519,
    0.9966490864753723,
    0.9892541766166687,
    0.9860288500785828,
    0.9834814667701721,
    0.9801242351531982,
    0.9761109352111816,
    0.9719451069831848,
    0.9680793881416321,
    0.9647085666656494,
    0.9615511298179626,
    0.9583384394645691,
    0.954941987991333,
    0.951400101184845,
    0.9478692412376404,
    0.9443499445915222,
    0.9408530592918396,
    0.9373361468315125,
    0.9337369799613953,
    0.9300767779350281
  ]
}